Name,Email
A S Madhukumar,ASMADHUKUMAR@NTU.EDU.SG
Alexei Sourin,ASSOURIN@ntu.edu.sg
Anupam Chattopadhyay,ANUPAM@NTU.EDU.SG
Anwitaman Datta,ANWITAMAN@NTU.EDU.SG
Arvind Easwaran,ARVINDE@NTU.EDU.SG
Bo An,BOAN@NTU.EDU.SG
Cai Wentong,ASWTCAI@ntu.edu.sg
Cham Tat Jen,ASTJCHAM@NTU.EDU.SG
Chan Syin,ASSCHAN@NTU.EDU.SG
Chen Change Loy,CCLOY@NTU.EDU.SG
Chia Liang Tien,ASLTCHIA@ntu.edu.sg
Chng Eng Siong,ASESCHNG@NTU.EDU.SG
Cong Gao,GAOCONG@NTU.EDU.SG
Deepu Rajan,ASDRAJAN@NTU.EDU.SG
Douglas Leslie Maskell,ASDOUGLAS@NTU.EDU.SG
Dusit Niyato,DNIYATO@NTU.EDU.SG
Erik Cambria,CAMBRIA@NTU.EDU.SG
Fan Xiuyi,xyfan@ntu.edu.sg
Goh Wooi Boon,ASWBGOH@ntu.edu.sg
Guan Cuntai,CTGUAN@NTU.EDU.SG
He Ying,YHE@NTU.EDU.SG
Huang Shell Ying,ASSYHUANG@ntu.edu.sg
Hui Siu Cheung,ASSCHUI@ntu.edu.sg
Joty Shafiq Rayhan,SRJOTY@NTU.EDU.SG
"Ke Yiping, Kelly",YPKE@NTU.EDU.SG
Kong Wai-Kin Adams,ADAMSKONG@NTU.EDU.SG
Kwoh Chee Keong,ASCKKWOH@ntu.edu.sg
Lam Siew Kei,ASSKLAM@NTU.EDU.SG
Lau Chiew Tong,ASCTLAU@NTU.EDU.SG
Lee Bu Sung,EBSLEE@ntu.edu.sg
Li Boyang,boyang.li@ntu.edu.sg
Li Fang,ASFLI@NTU.EDU.SG
Li Mo,LIMO@NTU.EDU.SG
Li Yi,YI_LI@NTU.EDU.SG
Lin Guosheng,gslin@ntu.edu.sg
Lin Shang-Wei,SHANG-WEI.LIN@NTU.EDU.SG
Lin Weisi,WSLIN@NTU.EDU.SG
Liu Weichen,LIU@NTU.EDU.SG
Liu Yang,YANGLIU@NTU.EDU.SG
Liu Ziwei,ziwei.liu@ntu.edu.sg
Luu Anh Tuan,anhtuan.luu@ntu.edu.sg
Loke Yuan Ren,YRLOKE@NTU.EDU.SG
Long Cheng,C.LONG@NTU.EDU.SG
Lu Shijian,SHIJIAN.LU@NTU.EDU.SG
Luo Jun,JUNLUO@NTU.EDU.SG
Luo Siqiang,siqiang.luo@ntu.edu.sg
Mohamed M. Sabry,MSABRY@NTU.EDU.SG
Ng Wee Keong,AWKNG@ntu.edu.sg
Oh Hong Lye,HLOH@NTU.EDU.SG
Ong Yew Soon,ASYSOng@ntu.edu.sg
Owen Noel Newton Fernando,OFERNANDO@NTU.EDU.SG
"Pan, Sinno Jialin",SINNOPAN@NTU.EDU.SG
Qian Kemao,MKMQIAN@NTU.EDU.SG
Quek Hiok Chai,ASHCQUEK@ntu.edu.sg
Rajapakse Jagath Chandana,ASJAGATH@NTU.EDU.SG
Seah Hock Soon,ASHSSEAH@ntu.edu.sg
Shen Zhiqi,ZQSHEN@NTU.EDU.SG
Smitha K G,SMITHA@NTU.EDU.SG
Sourav Saha Bhowmick,ASSOURAV@NTU.EDU.SG
Sun Aixin,AXSUN@NTU.EDU.SG
Tan Chee Wei,cheewei.tan@ntu.edu.sg
Tan Rui,TANRUI@NTU.EDU.SG
Tang Xueyan,ASXYTANG@NTU.EDU.SG
Tay Kian Boon,kianboon.tay@ntu.edu.sg
Thambipillai Srikanthan,ASTSRIKAN@ntu.edu.sg
Vidya Sudarshan,vidya.sudarshan@ntu.edu.sg
"Vun Chan Hua, Nicholas",ASCHVUN@ntu.edu.sg
Wen Yonggang,YGWEN@ntu.edu.sg
Yeo Chai Kiat,ASCKYEO@ntu.edu.sg
Yu Han,HAN.YU@NTU.EDU.SG
Zhang Hanwang,HANWANGZHANG@NTU.EDU.SG
Zhang Jie,ZHANGJ@NTU.EDU.SG
Zhang Tianwei,tianwei.zhang@ntu.edu.sg
Zhao Jun,JUNZHAO@NTU.EDU.SG
Zheng Jianmin,ASJMZHENG@NTU.EDU.SG
,
,
,
,
,
,
,
,
,
,
,
